{"prob_density": [[0.008603666747092302, 0.016260189312883987, 0.02212669093211247, 0.025557351277634005, 0.026174502306299707], [0.012606614974464664, 0.02212669093211247, 0.026229381254254818, 0.023910204263704053, 0.015736975371872214], [0.016260189312883987, 0.025557351277634005, 0.023910204263704053, 0.012024098589205359, 0.005011032456538933], [0.019463136295200044, 0.026174502306299707, 0.015736975371872214, 0.005011032456538921, 0.02247593453042096], [0.02212669093211247, 0.023910204263704053, 0.003710786062802579, 0.019900311731072873, 0.025215154694389508], [0.024177036703974877, 0.019013724907283102, 0.009223933092629456, 0.02626777049334152, 0.011434022975490772], [0.025557351277634005, 0.012024098589205359, 0.019900311731072873, 0.021386700668386546, 0.009838400598695542], [0.026229381254254818, 0.003710786062802579, 0.025704400010114484, 0.007347300717328125, 0.02466494502500469], [0.026174502306299707, 0.005011032456538921, 0.025215154694389508, 0.009838400598695519, 0.023331621470201715], [0.025394235323516437, 0.013181205918832706, 0.018552360100214323, 0.022811048111198357, 0.006711990876744815], [0.023910204263704053, 0.019900311731072873, 0.007347300717328125, 0.026015423632426173, 0.014305171774807713]], "stimuli": ["A", "B", "C", "D", "E", "F"], "responses": [1, 2, 3, 4, 5, 6, 7, 8, 9, 10, 11]}